{"stats":{"minecraft:dropped":{"minecraft:red_stained_glass_pane":2},"minecraft:used":{"minecraft:dirt":1},"minecraft:picked_up":{"minecraft:snowball":21,"minecraft:red_stained_glass_pane":1,"minecraft:dirt":19},"minecraft:custom":{"minecraft:jump":100,"minecraft:time_since_rest":24484,"minecraft:damage_dealt":20,"minecraft:leave_game":6,"minecraft:crouch_one_cm":38,"minecraft:sprint_one_cm":14252,"minecraft:play_time":24484,"minecraft:damage_taken":165,"minecraft:time_since_death":24484,"minecraft:walk_one_cm":8063,"minecraft:sneak_time":3,"minecraft:total_world_time":24484,"minecraft:drop":2,"minecraft:fall_one_cm":3610,"minecraft:fly_one_cm":127151},"minecraft:mined":{"minecraft:grass_block":1}},"DataVersion":3839}