{"stats":{"minecraft:dropped":{"minecraft:red_stained_glass_pane":1},"minecraft:used":{"minecraft:dirt":1},"minecraft:picked_up":{"minecraft:red_stained_glass_pane":1,"minecraft:dirt":1},"minecraft:custom":{"minecraft:jump":66,"minecraft:time_since_rest":14073,"minecraft:leave_game":5,"minecraft:crouch_one_cm":38,"minecraft:sprint_one_cm":10998,"minecraft:play_time":14073,"minecraft:damage_taken":48,"minecraft:time_since_death":14073,"minecraft:walk_one_cm":4497,"minecraft:sneak_time":3,"minecraft:total_world_time":14073,"minecraft:drop":1,"minecraft:fall_one_cm":2656,"minecraft:fly_one_cm":15182},"minecraft:mined":{"minecraft:grass_block":1}},"DataVersion":3839}