{
  "minecraft:recipes/decorations/crafting_table": {
    "criteria": {
      "unlock_right_away": "2024-06-12 01:56:16 +0000"
    },
    "done": true
  },
  "minecraft:adventure/adventuring_time": {
    "criteria": {
      "minecraft:frozen_river": "2024-06-14 18:20:31 +0000",
      "minecraft:taiga": "2024-06-12 01:56:35 +0000",
      "minecraft:old_growth_spruce_taiga": "2024-06-14 18:20:39 +0000",
      "minecraft:snowy_taiga": "2024-06-12 01:56:16 +0000"
    },
    "done": false
  },
  "minecraft:recipes/decorations/snow": {
    "criteria": {
      "has_snowball": "2024-06-14 18:18:50 +0000"
    },
    "done": true
  },
  "minecraft:recipes/building_blocks/snow_block": {
    "criteria": {
      "has_snowball": "2024-06-14 18:18:50 +0000"
    },
    "done": true
  },
  "DataVersion": 3839
}